Orbit #,"(7,2)start","(7,2)end","(7,1)start","(7,1)end","(7,0)start","(7,0)end",Ground Lights,
,,,,,,,,
2,,,,,0,1,Ground Lights,
2,,,,,8,22,Ground Lights,
2,,,,,91,99,Ground Lights,
2,,,,,144,153,Ground Lights,
2,,,309,316,,,Ground Lights,
2,,,320,328,,,Ground Lights,
2,585,595,,,,,,
2,,,631,649,,,,
2,,,1041,1059,1054,1063,,
2,1105,1122,1099,1116,,,,
,,,,,,,,
4,161,168,161,169,,,Ground Lights,
4,216,230,,,,,Ground Lights,
4,231,239,237,245,,,Ground Lights,
4,,,,,259,268,Ground Lights,
4,270,289,268,283,,,Ground Lights,
4,299,307,,,287,303,Ground Lights,
4,,,341,349,,,Ground Lights,
4,,,349,356,,,Ground Lights,
4,351,373,363,375,,,,
4,,,368,376,361,375,Ground Lights,
4,395,412,386,404,380,400,Ground Lights,
4,,,414,422,408,415,Ground Lights,
4,423,435,423,447,418,425,Ground Lights,
4,381,396,,,,,,
4,396,405,,,,,,
4,,,451,458,,,Ground Lights,
4,,,488,502,489,515,Ground Lights,
4,,,507,525,,,Ground Lights,
4,527,539,527,583,539,549,Ground Lights,
4,541,567,584,625,570,604,Ground Lights,
4,,,627,651,617,637,Ground Lights,
4,,,685,689,682,689,Ground Lights,
4,707,722,711,725,,,,
4,,,,,907,927,,
4,937,1013,940,982,948,963,,
4,1026,1063,1037,1049,1042,1050,,
4,,,,,1081,1088,Ground Lights,
4,,,1144,1154,,,,
4,1206,1216,1188,1220,1198,1215,,
,,,,,,,,
6,1009,,986,1039,987,1014,,
6,1041,1077,1041,1083,1029,1075,,
6,1085,1093,,,,,,
6,,,,,1106,1123,,
6,1128,1141,,,,,,
6,1154,1180,,,,,,
6,1194,1204,,,,,,
,,,,,,,,
8,,,50,58,,,Ground Lights,
8,115,145,122,130,127,133,Ground Lights,
8,,,138,146,,,Ground Lights,
8,,,,,472,491,,
8,,,,,515,522,,
8,,,528,538,,,,
8,,,561,578,,,,
8,,,588,606,,,,
8,997,1042,989,1033,997,1027,,
8,,,1046,1055,1037,1055,,
8,1057,1143,1086,1135,1082,1171,,
8,,,,,1309,1355,,
8,,,,,1399,1410,,
,,,,,,,,
10,,,29,36,29,36,Ground Lights,
10,63,76,63,71,,,Ground Lights,
10,331,338,,,,,Ground Lights,
10,,,357,365,345,433,Ground Lights,
10,,,371,387,,,Ground Lights,
10,,,389,431,,,Ground Lights,
10,400,408,,,,,Ground Lights,
10,421,430,,,,,Ground Lights,
10,,,433,456,,,Ground Lights,
10,436,444,,,441,463,Ground Lights,
10,449,495,463,475,,,Ground Lights,
10,501,508,477,529,470,519,Ground Lights,
10,,,,,530,538,Ground Lights,
10,,,542,549,542,549,Ground Lights,
10,,,,,581,588,Ground Lights,
10,,,747,764,745,761,,
10,,,793,808,,,,
10,810,824,814,831,816,824,,
10,832,867,859,866,,,,
10,,,873,881,,,,
10,883,894,883,896,,,,
10,898,909,897,915,,,,
10,1086,1127,,,,,,
10,,,1138,1147,,,,
10,,,1149,1175,1152,1176,,
10,1209,1409,1196,1393,1202,1353,,
,,,,,,,,
12,0,6,0,10,,,Ground Lights,
12,31,43,19,27,,,Ground Lights,
12,,,32,39,,,Ground Lights,
12,,,,,58,65,Ground Lights,
12,,,73,82,,,Ground Lights,
12,84,90,,,,,Ground Lights,
12,134,163,149,156,,,Ground Lights,
12,,,191,198,,,Ground Lights,
12,,,,,206,218,Ground Lights,
12,,,223,230,,,Ground Lights,
12,,,239,246,,,Ground Lights,
12,,,258,265,,,Ground Lights,
12,,,379,382,376,392,Ground Lights,
12,,,398,412,397,426,Ground Lights,
12,,,414,429,,,Ground Lights,
12,,,504,510,,,Ground Lights,
12,,,522,534,517,540,Ground Lights,
12,,,537,543,,,Ground Lights,
12,,,546,552,,,Ground Lights,
12,,,561,567,553,567,Ground Lights,
12,,,573,579,573,579,Ground Lights,
12,,,592,612,582,592,Ground Lights,
12,,,,,604,611,Ground Lights,
12,633,640,621,633,,,Ground Lights,
12,645,675,652,667,657,658,Ground Lights,
12,730,736,736,766,750,760,Ground Lights,
12,761,768,,,768,784,Ground Lights,
12,,,785,792,790,797,Ground Lights,
12,1040,1058,1023,1348,1028,1321,,
12,1091,1330,,,,,,
,,,,,,,,
14,,,,,151,157,Ground Lights,
14,,,189,195,,,Ground Lights,
14,211,218,,,211,217,Ground Lights,
14,,,,,240,249,Ground Lights,
14,,,260,267,,,Ground Lights,
14,,,272,281,,,Ground Lights,
14,291,297,,,,,Ground Lights,
14,,,,,312,318,Ground Lights,
14,,,403,432,388,433,,
14,485,493,,,,,,
14,506,514,,,,,,
14,,,578,587,550,,Ground Lights,
14,,,589,612,,,Ground Lights,
14,,,614,622,,,Ground Lights,
14,643,649,630,657,629,635,Ground Lights,
14,,,730,736,,,Ground Lights,
14,,,751,756,,,Ground Lights,
14,,,840,847,,,Ground Lights,
14,,,875,882,,,Ground Lights,
14,,,888,901,,,Ground Lights,
14,903,915,,,,,Ground Lights,
14,920,926,,,,,,
14,1037,1081,1037,1081,1053,1066,,
14,1104,1113,1100,1113,,,,
14,1132,1155,1131,1141,,,,
14,,,,,1275,1281,,
14,,,1287,1312,1283,1314,,
14,1323,1347,1321,1327,,,,
14,1354,1361,1357,1364,,,,
,,,,,,,,
16,,,,,67,73,Ground Lights,
16,,,79,85,,,Ground Lights,
16,,,,,151,165,Ground Lights,
16,,,897,924,881,909,Ground Lights,
16,953,969,941,969,,,Ground Lights,
16,,,1037,1049,1036,1044,,
16,,,1049,1060,,,Ground Lights,
16,1073,1079,,,,,Ground Lights,
16,1120,1239,1086,1116,1108,1206,,
16,,,1122,1251,,,,
16,,,1093,1099,,,Ground Lights,
16,,,1228,1244,1237,1249,Ground Lights,
16,1266,1343,1284,1305,1283,1306,,
16,1358,1406,1326,1362,1333,1393,,
16,,,1369,1397,,,,
,,,,,,,,
18,0,2,0,12,,,Ground Lights,
18,4,28,,,,,Ground Lights,
18,35,46,,,,,Ground Lights,
18,47,66,51,58,63,91,Ground Lights,
18,,,61,102,,,Ground Lights,
18,107,117,104,116,,,Ground Lights,
18,,,119,141,127,133,Ground Lights,
18,157,163,,,146,159,Ground Lights,
18,165,172,168,175,,,Ground Lights,
18,,,,,223,229,Ground Lights,
18,254,260,,,,,Ground Lights,
18,,,267,273,,,Ground Lights,
18,283,289,,,277,283,Ground Lights,
18,,,294,307,296,308,Ground Lights,
18,317,324,319,327,318,324,Ground Lights,
18,335,350,,,343,348,Ground Lights,
18,439,571,458,576,468,554,,
18,895,902,895,899,,,,
18,,,1019,1026,,,,
18,,,,,1218,1228,Ground Lights,
,,,,,,,,
20,339,348,,,,,Ground Lights,
20,364,372,,,,,Ground Lights,
20,,,375,387,,,Ground Lights,
20,,,486,493,479,495,Ground Lights,
20,504,513,,,504,513,Ground Lights,
20,,,517,525,,,Ground Lights,
20,550,558,535,554,,,Ground Lights,
20,,,571,579,,,Ground Lights,
20,606,615,,,,,Ground Lights,
20,641,651,,,,,Ground Lights,
20,659,667,,,,,Ground Lights,
20,,,,,699,707,Ground Lights,
20,,,773,781,,,Ground Lights,
20,,,813,861,819,865,,
20,884,892,,,,,Ground Lights,
20,907,916,,,,,,
20,,,935,946,,,,
20,,,961,969,,,,
20,,,,,986,1000,,
20,,,1014,1024,,,,
20,1033,1136,1070,1143,1024,1089,,
20,1141,1154,1144,1154,,,Image gets super grainy after this,
20,1200,1214,,,,,,
20,,,1238,1251,,,Ground Lights,
20,1260,1294,1255,1268,,,Ground Lights,
20,1303,1316,,,,,,
20,1316,1377,1329,1350,,,,
20,1392,1413,,,,,,
20,1418,1419,,,,,,
,,,,,,,,
22,541,578,535,640,528,651,,
22,588,639,,,,,,
22,,,695,718,688,703,,
22,1027,1091,1026,1056,1026,1054,,
22,1094,1101,,,,,,
22,,,1278,1301,,,,
,,,,,,,,
24,10,19,,,,,Ground Lights,
24,,,34,41,,,Ground Lights,
24,,,146,155,,,Ground Lights,
24,,,166,170,158,174,Ground Lights,
24,,,176,182,177,194,Ground Lights,
24,,,194,201,,,Ground Lights,
24,,,216,236,,,Ground Lights,
24,,,,,229,235,Ground Lights,
24,,,337,344,,,Ground Lights,
24,393,478,394,413,,,,
24,1011,1034,987,1029,974,1019,,
24,,,,,1032,1040,,
24,,,1041,1053,1052,1060,,
24,1065,1141,1062,1070,1062,1069,,
24,,,1085,1155,1073,1088,,
24,,,,,1092,1103,,
24,,,,,1106,1124,,
24,1153,1169,1161,1168,1146,1157,,
24,1182,1295,1184,1238,1184,1219,,
24,,,1251,1260,1229,1238,,
24,,,1262,1316,1265,1297,,
24,,,,,1303,1309,,
24,,,1326,1356,,,,
,,,,,,,,
26,,,68,75,,,Ground Lights,
26,,,83,89,,,Ground Lights,
26,,,101,109,,,Ground Lights,
26,117,125,,,,,Ground Lights,
26,,,,,138,145,Ground Lights,
26,,,239,248,,,Ground Lights,
26,277,286,263,291,268,284,Ground Lights,
26,289,296,302,309,301,308,Ground Lights,
26,307,326,,,,,Ground Lights,
26,334,347,336,343,,,Ground Lights,
26,402,409,,,403,409,Ground Lights,
26,428,434,,,,,Ground Lights,
26,462,468,461,468,,,Ground Lights,
26,483,496,484,496,,,Ground Lights,
26,521,527,,,,,Ground Lights,
26,,,546,552,537,556,Ground Lights,
26,,,585,592,579,585,Ground Lights,
26,625,631,,,,,Ground Lights,
26,636,643,,,,,Ground Lights,
26,652,658,,,,,Ground Lights,
26,,,692,698,,,Ground Lights,
26,,,717,723,,,Ground Lights,
26,,,747,753,744,751,Ground Lights,
26,,,,,753,761,Ground Lights,
26,843,864,857,864,853,902,,
26,,,878,920,904,925,,
26,956,1057,966,1049,945,1036,,
26,,,1091,1097,1074,1085,,
26,1108,1115,1102,1109,,,,
26,1162,1210,1125,1220,1117,1215,,
26,1238,1269,,,1220,1235,,
26,,,1287,1293,,,Ground Lights,
26,,,1370,1382,,,Ground Lights,
26,,,1420,1432,1431,1437,Ground Lights,
,,,,,,,,
28,,,21,33,,,Ground Lights,
28,,,,,43,50,Ground Lights,
28,,,,,58,64,Ground Lights,
28,,,,,68,75,Ground Lights,
28,,,,,118,131,Ground Lights,
28,,,,,166,173,Ground Lights,
28,287,303,,,,,Ground Lights,
28,310,323,,,,,Ground Lights,
28,,,304,326,317,327,,
28,,,344,353,,,,
28,,,372,378,,,Ground Lights,
28,389,397,,,,,Ground Lights,
28,408,420,,,420,427,Ground Lights,
28,,,,,432,445,Ground Lights,
28,,,456,462,,,Ground Lights,
28,,,508,514,,,Ground Lights,
28,520,527,,,,,Ground Lights,
28,,,,,529,535,Ground Lights,
28,,,,,639,646,Ground Lights,
28,655,662,,,,,Ground Lights,
28,678,685,,,,,Ground Lights,
28,688,700,,,,,Ground Lights,
28,740,755,731,744,,,Ground Lights,
28,,,760,766,,,Ground Lights,
28,776,783,781,813,,,Ground Lights,
28,906,938,908,940,895,934,,
28,,,973,994,985,989,,
28,,,997,1010,997,1010,,
28,,,1016,1030,1013,1045,,
28,1068,1090,1040,1090,1046,1098,,
28,1102,1102,1096,1102,,,,
28,1108,1139,1106,1114,,,,
28,1287,1304,,,,,,
,,,,,,,,
30,,,276,284,,,Ground Lights,
30,,,302,308,302,308,Ground Lights,
30,,,318,325,,,Ground Lights,
30,,,358,365,,,Ground Lights,
30,,,,,371,378,Ground Lights,
30,,,,,438,444,Ground Lights,
30,439,483,431,497,434,498,,
30,513,520,,,514,536,Ground Lights,
30,523,536,529,553,,,Ground Lights,
30,615,630,623,632,,,Ground Lights,
30,634,663,645,653,,,Ground Lights,
30,,,,,876,889,Ground Lights,
30,,,905,912,,,Ground Lights,
30,,,920,968,,,Ground Lights,
30,946,958,,,,,Ground Lights,
30,1054,1068,1049,1065,,,,
30,1119,1128,1099,1128,1099,1219,,
30,1132,1144,1130,1190,,,,
30,1162,1208,1201,1262,1246,1262,,
30,1268,1288,1268,1318,1268,1286,,
30,,,1378,1410,1403,1410,Ground Lights,
,,,,,,,,
32,,,,,3,9,Ground Lights,
32,474,557,463,548,463,552,,
32,917,935,,,,,Ground Lights,
32,951,957,,,,,Ground Lights,
32,,,1024,1043,1023,1037,,
32,,,,,1048,1057,,
32,1061,1074,,,,,,
,,,,,,,,
34,3,,0,5,29,,Ground Lights,
34,,,23,35,,,Ground Lights,
34,43,50,42,122,43,48,Ground Lights,
34,55,63,,,52,58,Ground Lights,
34,87,101,,,76,83,Ground Lights,
34,104,120,,,96,104,Ground Lights,
34,123,131,,,129,135,Ground Lights,
34,139,147,,,,,Ground Lights,
34,154,165,,,,,Ground Lights,
34,191,198,,,,,Ground Lights,
34,201,240,213,237,227,233,Ground Lights,
34,245,252,,,,,Ground Lights,
34,,,310,324,,,Ground Lights,
34,,,370,376,364,370,Ground Lights,
34,380,388,386,392,,,Ground Lights,
34,,,406,416,406,412,Ground Lights,
34,427,440,429,442,,,Ground Lights,
34,464,491,433,479,427,466,,
34,479,494,475,481,488,492,Ground Lights,
34,,,498,505,498,504,Ground Lights,
34,920,929,,,,,Ground Lights,
34,,,,,939,946,Ground Lights,
34,966,973,954,964,949,977,Ground Lights,
34,,,967,979,,,Ground Lights,
34,,,991,997,991,994,Ground Lights,
34,,,1039,1045,1037,1046,Ground Lights,
34,,,1072,1089,1072,1091,,
34,,,1100,1106,,,,
34,,,1110,1129,1109,1129,,
34,,,1119,1125,,,Ground Lights,
34,,,1133,1145,1137,1145,,
34,,,1362,1367,1353,1369,,
34,,,,,1383,1398,,
34,1390,1396,,,1392,1398,Ground Lights,
34,1398,1404,1399,1407,,,Ground Lights,
34,1413,1427,,,,,,
34,1448,1454,1444,1450,,,,
34,1461,1468,1452,1479,,,,
,,,,,,,,
36,324,341,320,347,324,356,,
36,,,,,400,427,,
36,512,526,510,534,,,,
36,686,733,684,693,,,,
36,,,,,797,810,,
36,,,916,922,893,919,,
36,923,944,926,932,,,,
36,,,937,949,939,949,,
,,,,,,,,
38,19,32,28,36,,,Ground Lights,
38,,,,,228,240,,
38,252,265,,,,,,
38,,,,,424,447,,
38,,,,,1082,1091,,
38,,,,,1248,1255,Ground Lights,"This orbit has heavy noise for large portions, I'd consider omitting"
,,,,,,,,
40,,,208,214,,,Ground Lights,
40,,,,,219,225,Ground Lights,
40,,,227,233,,,Ground Lights,
40,,,257,264,,,Ground Lights,
40,,,285,296,283,289,Ground Lights,
40,301,315,302,343,292,335,Ground Lights,
40,323,332,,,338,344,Ground Lights,
40,338,345,347,357,,,Ground Lights,
40,349,356,,,,,Ground Lights,
40,,,369,387,373,380,Ground Lights,
40,,,397,404,393,406,Ground Lights,
40,,,432,440,428,435,Ground Lights,
40,,,,,437,445,Ground Lights,
40,,,474,483,466,473,Ground Lights,
40,494,515,484,501,479,487,Ground Lights,
40,1003,1014,,,996,1014,,
40,1016,1024,1016,1031,,,,
40,1058,1073,,,1033,1055,,
40,,,,,1065,1072,,
40,,,,,1086,1092,,
40,1111,1118,,,,,,
40,,,1137,1146,,,,
40,1151,1160,,,,,,
40,1179,1192,,,1172,1181,,
40,,,1195,1202,,,,
40,,,1218,1231,1229,1290,,
40,,,1246,1303,,,,
40,1304,1351,1307,1320,,,,
40,1354,1361,1327,1352,,,,
,,,,,,,,
42,,,0,4,,,Ground Lights ,
42,71,84,,,72,79,Ground Lights ,
42,,,,,91,97,Ground Lights ,
42,,,114,124,116,123,Ground Lights ,
42,208,216,194,215,,,,
42,,,247,285,275,283,,
42,313,370,290,353,289,324,,
42,330,336,,,,,Ground Lights,
42,,,,,360,361,Ground Lights,
42,,,365,374,,,Ground Lights,
42,379,385,,,,,Ground Lights,
42,396,420,397,404,406,412,Ground Lights,
42,423,431,,,,,Ground Lights,
42,,,,,525,535,,
42,569,620,545,587,545,550,,
42,641,653,640,651,,,Ground Lights,
42,789,798,775,794,755,782,,
42,919,1002,927,945,904,927,,
42,,,947,954,,,Ground Lights,
42,,,964,999,952,1002,,
42,1037,1051,1028,1096,1017,1029,,
42,,,,,1042,1133,,
42,1150,1182,1156,1191,,,,
42,1215,1252,1206,1253,1244,1253,,
42,,,1290,1305,,,,
42,,,,,1361,1363,Ground Lights,
42,,,1406,1412,1397,1415,Ground Lights,
42,,,,,1437,1443,Ground Lights,
42,1452,1459,1452,1461,1452,1458,Ground Lights,
42,1489,1492,1482,1489,,,,
,,,,,,,,
44,12,19,0,32,17,23,Ground Lights,
44,37,48,37,53,44,50,Ground Lights,
44,55,70,,,,,Ground Lights,
44,,,73,81,,,Ground Lights,
44,,,87,93,88,95,Ground Lights,
44,,,100,106,,,Ground Lights,
44,125,131,,,130,136,Ground Lights,
44,,,146,153,147,153,Ground Lights,
44,193,199,,,,,Ground Lights,
44,202,213,,,,,Ground Lights,
44,218,224,,,,,Ground Lights,
44,,,322,357,323,342,,
44,336,342,,,,,Ground Lights,
44,395,402,391,409,,,Ground Lights,
44,,,435,442,,,Ground Lights,
44,,,459,478,,,Ground Lights,
44,480,501,,,,,Ground Lights,
44,504,511,,,,,Ground Lights,
44,516,527,,,,,Ground Lights,
44,535,568,,,,,Ground Lights,
44,571,668,629,636,,,Ground Lights,
44,,,666,691,670,680,Ground Lights,
44,681,690,,,,,Ground Lights,
44,693,709,,,,,Ground Lights,
44,712,719,,,,,Ground Lights,
44,724,731,,,,,Ground Lights,
44,735,754,,,,,Ground Lights,
44,769,812,796,810,,,Ground Lights,
44,953,980,956,970,955,967,,
44,1001,1069,972,1118,980,987,,
44,1071,1130,,,996,1087,,
44,,,,,1099,1117,,
44,,,1136,1201,1141,1152,,
44,,,,,1157,1173,,
45,222,230,,,218,226,Ground Lights,
45,313,323,,,299,308,Ground Lights,
45,,,298,316,,,,
45,,,,,389,398,Ground Lights,
45,453,465,,,464,489,Ground Lights,
45,473,,470,,474,,,
45,518,528,,,,,,
45,544,555,,,,,,
45,,,557,565,560,573,Ground Lights,
45,,,567,630,576,603,Ground Lights,
45,,,,,889,898,Ground Lights,
45,901,923,899,924,,,Ground Lights,
45,980,989,,,,,,
45,1038,1131,1043,1124,1050,1082,,
45,,,,,1085,1107,,
45,1148,1180,1165,1291,1158,1268,,
45,1205,1236,,,,,,
45,1263,1289,,,,,,
45,1291,1304,,,,,,
46,447,454,,,,,Ground Lights,
46,494,501,,,,,Ground Lights,
46,,,536,552,536,553,,
46,635,641,623,646,,,Ground Lights,
46,871,878,,,,,Ground Lights,
46,,,917,931,,,Ground Lights,
46,933,940,934,941,,,Ground Lights,
46,970,980,,,,,Ground Lights,
46,,,,,952,973,,
46,984,990,990,998,,,Ground Lights,
46,1001,1058,998,1058,,,,
46,1086,1105,1081,1126,1083,1099,,
46,1112,1125,,,,,,
46,1129,1190,1135,1221,1128,1208,,
46,1277,1315,1281,1410,1258,1304,,
46,1326,1405,,,1322,1345,,
46,,,,,1461,1469,Ground Lights,
46,,,,,1489,1495,Ground Lights,
,,,,,,,,
48,,,,,0,1,Ground Lights,
48,,,5,11,5,15,Ground Lights,
48,,,17,24,27,34,Ground Lights,
48,40,46,35,46,43,49,Ground Lights,
48,,,115,121,,,Ground Lights,
48,,,,,126,134,Ground Lights,
48,,,157,164,160,163,Ground Lights,
48,,,194,200,192,198,Ground Lights,
48,230,240,213,237,,,Ground Lights,
48,,,239,253,248,261,Ground Lights,
48,277,284,257,285,266,286,Ground Lights,
48,297,304,,,,,Ground Lights,
48,422,512,440,516,442,4849,,
48,661,738,666,745,698,716,,
48,,,,,719,746,,
48,803,812,812,855,800,849,,
48,818,854,,,,,,
48,,,1052,1061,1010,1060,,
48,1067,1097,1071,1087,,,,
48,1137,1161,,,,,,
,,,,,,,,
50,196,205,191,250,205,220,Ground Lights,
50,215,228,,,224,235,Ground Lights,
50,244,271,,,245,251,Ground Lights,
50,272,278,274,282,,,Ground Lights,
50,325,332,,,,,Ground Lights,
50,343,437,335,447,357,421,,
50,361,375,359,365,,,Ground Lights,
50,480,487,491,499,482,524,Ground Lights,
50,522,529,505,530,,,Ground Lights,
50,533,539,,,,,Ground Lights,
50,549,555,552,558,,,Ground Lights,
50,561,580,568,609,575,587,Ground Lights,
50,,,,,730,741,Ground Lights,
50,,,855,867,,,,
50,915,928,899,1007,884,963,,
50,968,995,,,,,,
50,1009,1032,1009,1048,1015,1049,,
50,,,,,1290,1324,,
50,,,1354,1386,,,,
50,1432,1452,,,,,,
50,,,,,1462,1487,,
,,,,,,,,
52,0,78,0,78,0,64,,Another noisy orbit
52,373,426,389,452,389,398,,
52,444,455,,,411,426,,
52,,,,,868,877,,
52,,,931,937,,,,
52,,,952,968,,,,
52,,,973,985,,,,
53,,,,,,,,
,,,,,,,,"54: Solar Panels all orbit, Camera angle heavily skewed as well"
,,,,,,,,
,,,,,,,,56: Solar Panels all orbit
,,,,,,,,
58,10,16,,,,,Ground Lights,
58,,,107,119,,,,
58,,,,,153,163,Ground Lights,
58,,,168,174,,,Ground Lights,
58,,,184,196,,,Ground Lights,
58,198,213,,,,,Ground Lights,
58,218,226,216,222,,,Ground Lights,
58,228,241,,,,,Ground Lights,
58,,,,,248,256,Ground Lights,
58,,,312,319,319,326,Ground Lights,
58,,,,,329,336,Ground Lights,
58,,,337,343,,,Ground Lights,
58,352,359,359,381,368,383,Ground Lights,
58,632,369,383,389,,,Ground Lights,
58,374,408,405,411,,,Ground Lights,
58,435,463,435,456,424,467,,
58,487,517,477,488,,,Ground Lights,
58,,,491,500,,,Ground Lights,
58,,,521,528,,,Ground Lights,
58,571,611,542,613,540,623,,
58,562,569,560,566,,,Ground Lights,
58,576,584,581,588,,,Ground Lights,
58,586,593,,,,,Ground Lights,
58,635,641,,,,,Ground Lights,
58,,,648,655,,,Ground Lights,
58,671,677,,,657,671,Ground Lights,
58,689,696,,,,,Ground Lights,
58,698,704,,,,,Ground Lights,
58,,,709,716,,,Ground Lights,
58,721,737,,,,,Ground Lights,
58,747,761,,,,,Ground Lights,
58,768,775,,,,,,
58,819,1322,793,1184,791,1058,,
58,,,1198,1324,824,830,Ground Lights,
58,,,,,1102,1129,,
58,,,,,1161,1306,,
58,1483,1497,1488,1497,,,Ground Lights,
58,,,,,,,,
,,,,,,,,
60,,,,,145,152,Ground Lights,
60,,,,,161,168,Ground Lights,
60,,,182,189,189,201,Ground Lights,
60,219,236,192,224,,,Ground Lights,
60,238,247,,,,,Ground Lights,
60,251,264,,,,,Ground Lights,
60,283,294,,,,,Ground Lights,
60,283,319,,,,,,
60,341,348,,,348,362,Ground Lights,
60,,,,,500,512,Ground Lights,
60,527,564,517,537,,,Ground Lights,
60,566,582,539,557,,,Ground Lights,
60,,,597,604,,,Ground Lights,
60,807,814,,,792,811,Ground Lights,
60,,,833,839,,,Ground Lights,
60,,,,,873,880,Ground Lights,
60,1000,1010,994,1001,,,,
60,1039,1046,1026,1051,1023,1049,,
60,1065,1072,1059,1074,,,,
60,1076,1091,,,,,,
60,1099,1118,,,,,,
60,1206,1281,1172,1353,1119,1315,,
60,1285,1361,,,1325,1337,,
,,,,,,,,
62,,,37,50,,,Ground Lights,
62,,,115,124,,,Ground Lights,
62,,,244,252,244,266,,
62,305,336,307,432,310,444,,
62,338,601,440,624,480,495,,
62,,,,,506,514,,
62,,,,,518,580,,
62,,,,,609,627,,
62,,,,,757,784,Ground Lights,
62,,,790,801,786,824,Ground Lights,
62,,,808,815,,,Ground Lights,
62,833,848,,,,,Ground Lights,
62,851,872,853,865,,,Ground Lights,
62,880,887,,,,,Ground Lights,
62,900,911,,,,,Ground Lights,
62,909,981,908,963,908,1024,,
62,991,1002,966,991,,,,
62,1016,1093,1007,1129,1031,1047,,
62,1132,1176,,,1078,1137,,
62,1183,1192,,,,,,
62,,,1197,1239,1197,1210,,
62,1206,1212,1205,1265,,,,
62,1220,1230,,,,,Ground Lights,
62,1303,1457,1294,1444,1299,1420,,
62,1462,1472,1466,1472,1453,1472,,
,,,,,,,,
64,0,5,0,6,,,Ground Lights,
64,,,14,20,,,Ground Lights,
64,,,,,32,39,Ground Lights,
64,,,,,41,48,Ground Lights,
64,75,85,63,87,,,Ground Lights,
64,103,110,95,101,114,120,Ground Lights,
64,,,129,148,,,Ground Lights,
64,,,195,201,195,201,Ground Lights,
64,,,203,209,208,233,Ground Lights,
64,240,264,214,298,238,247,Ground Lights,
64,267,282,,,259,267,Ground Lights,
64,284,291,,,,,Ground Lights,
64,311,330,305,312,283,292,Ground Lights,
64,310,354,,,301,310,Ground Lights,
64,,,322,328,319,328,Ground Lights,
64,,,334,357,336,346,Ground Lights,
64,293,346,284,325,284,313,,
64,375,666,374,676,395,408,,
64,,,,,452,481,,
64,,,,,490,676,,
64,807,820,807,824,804,811,,
64,,,,,839,852,,
64,,,952,995,941,1001,,
64,,,,,1098,1105,Ground Lights,
64,,,,,1117,1130,,
64,,,1137,1144,,,Ground Lights,
64,1168,1179,1163,1185,1169,1175,Ground Lights,
64,1203,1209,,,,,Ground Lights,
64,1213,1220,,,,,Ground Lights,
64,,,1228,1239,,,Ground Lights,
,,,,,,,,
66,108,143,111,151,113,167,,
66,157,185,159,206,192,212,,
66,305,312,,,,,Ground Lights,
66,326,332,,,,,Ground Lights,
66,333,360,351,368,,,Ground Lights,
66,378,468,393,459,,,Ground Lights,
66,,,471,478,,,Ground Lights,
66,,,,,476,507,,
66,593,715,549,744,537,818,,
66,682,688,,,,,Ground Lights,
66,,,699,706,,,Ground Lights,
66,758,765,759,765,,,,
66,,,767,781,,,,
66,,,798,806,,,,
66,809,818,,,,,,
66,,,819,826,,,,
66,833,876,843,873,829,846,,
66,,,,,853,861,,
66,888,898,884,920,864,901,,
66,902,944,,,,,,
66,965,1020,,,,,,
66,1217,1226,,,,,,
66,1233,1240,,,,,,
66,1248,1292,,,,,,
66,1301,1345,,,,,,
,,,,,,,,
68,0,179,0,179,0,128,,
68,,,,,249,257,,
68,275,368,281,371,270,369,,
68,469,508,472,507,475,496,,
68,523,531,,,,,,
68,534,564,534,558,536,548,,
68,588,663,582,673,574,667,,
68,,,741,759,717,1045,,
68,,,763,793,,,,
68,824,1051,824,1049,,,,
68,1445,1453,1372,1453,1317,1453,,
,,,,,,,,
70,,,67,101,96,103,Ground Lights,
70,,,103,120,,,Ground Lights,
70,,,141,161,145,151,Ground Lights,
70,,,170,176,,,Ground Lights,
70,197,203,,,,,Ground Lights,
70,,,325,336,,,,
70,359,381,346,379,346,354,,
70,434,442,416,449,420,442,,
70,467,509,459,480,,,,
70,,,,,830,876,,
70,908,920,914,921,885,912,,
70,914,921,925,1034,914,999,,
70,955,968,,,,,,
70,970,1033,,,,,,
70,1035,1053,,,,,,
70,,,1059,1065,1057,1065,,
70,1069,1084,,,,,,
70,1087,1126,1100,1309,1091,1285,,
70,1135,1326,,,1295,1309,,
70,,,,,1354,1386,,
70,,,1440,1451,1436,1451,,
,,,,,,,,
72,1,7,,,,,Ground Lights,
72,9,22,,,,,Ground Lights,
72,,,,,32,39,Ground Lights,
72,,,47,53,,,Ground Lights,
72,144,155,123,153,136,185,Ground Lights,
72,160,171,172,199,,,Ground Lights,
72,178,206,,,,,Ground Lights,
72,,,209,217,,,Ground Lights,
72,277,296,,,,,,
72,,,312,319,,,Ground Lights,
72,363,370,,,,,Ground Lights,
72,448,466,446,455,465,472,Ground Lights,
72,481,502,459,484,501,,Ground Lights,
72,504,510,506,515,,,Ground Lights,
72,,,521,527,,,Ground Lights,
72,,,566,572,,,Ground Lights,
72,,,,,600,606,Ground Lights,
72,,,612,618,614,620,Ground Lights,
72,,,644,651,,,Ground Lights,
72,654,661,,,,,Ground Lights,
72,663,670,,,,,Ground Lights,
72,758,766,758,772,742,792,,
72,,,782,798,,,,
72,810,818,,,,,,
72,824,833,,,,,,
72,870,887,870,884,,,,
72,921,942,,,914,942,,
72,944,967,943,965,945,966,,
72,,,986,1007,979,1007,,
72,,,1019,1026,,,Ground Lights,
72,1029,1441,1037,1043,1013,1091,,
72,,,1050,1151,1101,1115,,
72,,,,,1136,1144,,
72,,,,,1153,1159,,
72,,,1208,1415,1208,1429,,
72,,,1418,1441,1437,1441,,
,,,,,,,,
74,,,38,46,,,Ground Lights,
74,88,95,,,,,Ground Lights,
74,,,121,128,,,,
74,186,195,,,,,Ground Lights,
74,216,228,,,,,Ground Lights,
74,229,245,208,269,208,249,,
74,290,296,283,290,252,317,Ground Lights,
74,300,312,,,,,Ground Lights,
74,324,344,313,340,,,Ground Lights,
74,346,364,346,369,351,361,Ground Lights,
74,,,,,365,420,Ground Lights,
74,,,382,392,,,Ground Lights,
74,,,413,424,,,Ground Lights,
74,427,434,438,468,429,442,Ground Lights,
74,,,482,491,480,489,Ground Lights,
74,499,505,,,,,Ground Lights,
74,421,528,,,,,Ground Lights,
74,545,551,,,,,,
74,585,602,575,585,,,,
74,,,609,639,605,644,,
74,722,739,732,738,715,723,,
74,,,,,742,754,,
74,,,753,760,,,Ground Lights,
74,,,791,798,791,860,,
74,,,,,872,883,,
74,,,879,892,,,,
74,894,990,,,897,904,,
74,,,,,814,925,,
74,,,941,968,966,973,,
74,997,1031,983,1012,,,,
74,,,1025,1032,,,,
74,1112,1133,1109,1134,,,,
74,1136,1158,1158,1163,,,,
74,1160,1183,1165,1183,,,,
74,1203,1218,,,,,,
74,,,,,1255,1267,,
,,,,,,,,
76,,,,,16,40,,
76,229,236,229,236,,,Ground Lights,
76,242,249,,,,,Ground Lights,
76,253,259,,,,,Ground Lights,
76,,,290,297,289,301,Ground Lights,
76,,,301,307,,,Ground Lights,
76,,,309,319,,,Ground Lights,
76,,,335,342,,,Ground Lights,
76,,,348,355,348,370,Ground Lights,
76,392,399,370,427,389,398,Ground Lights,
76,415,432,,,403,422,Ground Lights,
76,441,447,444,470,428,449,Ground Lights,
76,455,461,,,450,463,Ground Lights,
76,,,494,506,,,Ground Lights,
76,601,610,572,606,552,590,,
76,675,694,671,695,672,680,,
76,,,,,686,699,,
76,,,707,714,,,,
76,,,,,738,746,Ground Lights,
76,754,762,754,769,752,805,Ground Lights,
76,771,787,772,782,,,Ground Lights,
76,806,828,784,834,,,Ground Lights,
76,830,839,,,,,Ground Lights,
76,873,1000,802,1077,786,1058,,
76,1025,1163,1122,1144,,,,
76,,,1182,1189,,,Ground Lights,
76,1194,1321,1194,1217,,,,
76,,,1238,1321,1256,1320,,
76,,,1311,1335,,,Ground Lights,
76,,,1341,1349,1336,1349,Ground Lights,
76,,,,,1351,1358,Ground Lights,
,,,,,,,,
78,,,,,45,51,Ground Lights,
78,142,159,148,163,,,,
78,236,258,236,260,240,269,,
78,282,420,307,357,,,,
78,,,380,389,,,,
78,,,394,420,397,422,,
78,430,456,428,473,427,473,,
78,483,490,483,490,,,,
78,613,675,626,713,625,682,,
78,,,,,701,741,,
78,,,823,831,813,829,,
78,882,971,855,980,854,899,,
78,,,,,903,930,,
78,,,,,937,965,,
78,1415,1427,,,,,,
,,,,,,,,
80,,,,,0,8,Ground Lights,
80,,,13,19,,,Ground Lights,
80,32,39,,,,,Ground Lights,
80,,,42,72,,,,
80,,,103,149,95,141,,
80,105,112,103,130,103,110,Ground Lights,
80,,,,,140,157,Ground Lights,
80,,,,,159,165,Ground Lights,
80,,,168,175,,,Ground Lights,
80,,,186,192,,,Ground Lights,
80,197,204,199,205,,,Ground Lights,
80,207,289,209,216,,,Ground Lights,
80,,,222,285,224,276,Ground Lights,
80,311,330,294,315,308,323,Ground Lights,
80,269,320,,,265,274,,
80,,,278,321,,,,
80,,,326,337,,,,
80,350,387,351,383,,,,
80,,,326,333,,,Ground Lights,
80,344,361,340,347,,,Ground Lights,
80,365,370,355,381,353,387,Ground Lights,
80,385,392,393,399,390,397,Ground Lights,
80,523,549,489,543,494,526,,
80,,,757,765,,,Ground Lights,
80,,,790,797,,,Ground Lights,
80,,,,,799,808,Ground Lights,
80,815,831,,,,,Ground Lights,
80,835,862,,,,,Ground Lights,
80,,,,,790,826,,
80,864,953,819,855,855,864,,
80,,,867,945,867,945,,
80,985,1070,1013,1037,1010,1033,,
80,1073,1149,1079,1135,1065,1186,,
80,12202,1280,1202,1289,1200,1304,,
80,1332,1345,1332,1340,1317,1339,,
80,1345,1351,,,,,Ground Lights,
,,,,,,,,
82,378,414,378,402,371,403,,
82,,,,,634,658,,
82,,,671,702,663,674,,
82,,,703,712,702,712,,
82,716,746,714,814,720,765,,
82,756,809,,,777,815,,
82,831,887,830,884,829,876,,
82,,,1390,1409,,,,
,,,,,,,,
84,211,308,190,321,185,322,,
84,533,545,,,,,,
84,588,646,599,650,619,633,,
84,655,662,653,661,,,,
84,668,774,676,773,669,707,,
84,,,,,832,840,,
84,,,854,859,,,,
84,,,867,908,866,914,,
84,934,964,936,1014,,,,
84,977,1002,,,,,,
84,1036,1042,1020,1234,1012,1211,,
84,1099,1209,,,,,,
84,,,1247,1259,1244,1250,,
84,1267,1281,1263,1271,,,,
84,1286,1294,1282,1294,,,,
84,1306,1323,,,,,,
84,1327,1424,1324,1344,,,,
84,,,1388,1397,,,,
84,,,1404,1424,,,,
,,,,,,,,
86,,,89,96,10,209,Ground Lights,
86,,,113,120,,,Ground Lights,
86,126,134,127,139,,,Ground Lights,
86,152,209,154,219,,,Ground Lights,
86,219,225,,,213,224,Ground Lights,
86,176,365,170,344,174,262,,
86,,,,,285,326,,
86,265,276,267,273,,,Ground Lights,
86,302,315,299,314,,,Ground Lights,
86,337,343,,,,,Ground Lights,
86,350,357,,,,,Ground Lights,
86,412,457,412,447,417,430,,
86,461,502,460,501,,,,
86,,,571,583,549,591,,
86,629,641,,,,,,
86,703,743,680,775,689,726,,
86,752,772,,,732,746,,
86,,,786,964,776,795,,
86,806,813,,,797,813,,
86,850,950,,,818,910,,
86,,,,,913,921,,
86,962,991,,,,,,
86,993,1063,1007,1013,,,,
86,,,1017,1025,,,,
86,,,,,1040,1053,,
86,,,1056,1065,,,,
86,,,1083,1096,1067,1167,,
86,1107,1243,1104,1202,,,,
86,1403,1421,1392,1412,1359,1391,,
,,,,,,,,
88,49,68,,,,,Ground Lights,
88,55,85,,,,,,
88,101,158,143,183,152,183,,
88,,,,,102,109,Ground Lights,
88,117,125,,,,,Ground Lights,
88,129,137,127,140,131,138,Ground Lights,
88,,,208,215,,,Ground Lights,
88,497,504,,,,,Ground Lights,
88,277,532,265,524,250,494,,
88,,,,,509,523,,
88,,,681,693,681,840,,
88,767,894,699,886,,,,
88,905,992,899,971,916,937,,
88,999,1070,977,1073,942,978,,
88,1082,1169,1082,1088,982,1122,,
88,,,1104,1147,,,,
88,1252,1287,1257,1267,1256,1262,Ground Lights,
88,,,,,1286,1293,Ground Lights,
88,1301,1311,1307,1313,,,Ground Lights,
88,1317,1324,1316,1324,,,Ground Lights,
88,1348,1355,1348,1365,,,Ground Lights,
88,,,1379,1385,,,Ground Lights,
88,1392,1407,,,,,Ground Lights,
88,1274,1355,1273,1359,1271,1287,,
88,,,,,1315,1355,,
88,,,1362,1376,1358,1376,,
88,,,,,1382,1420,,
,,,,,,,,
90,0,8,,,,,Ground Lights,
90,46,54,,,,,Ground Lights,
90,,,62,70,,,Ground Lights,
90,113,209,67,158,118,134,,
90,195,203,189,197,,,Ground Lights,
90,289,298,,,,,Ground Lights,
90,,,,,308,316,Ground Lights,
90,,,313,322,,,Ground Lights,
90,,,323,331,,,Ground Lights,
90,,,,,375,383,Ground Lights,
90,383,390,,,,,Ground Lights,
90,417,450,,,,,,
90,,,493,500,,,Ground Lights,
90,510,519,,,,,Ground Lights,
90,525,547,527,534,,,Ground Lights,
90,,,,,618,638,Ground Lights,
90,690,960,672,817,671,954,,
90,966,1007,971,992,956,1000,,
90,,,992,1014,,,,
90,1214,1311,1184,1282,1196,1263,,
,,,,,,,,
92,,,87,99,62,94,,
92,,,,,116,132,,
92,217,232,220,253,220,258,,
92,,,261,272,,,,
92,308,374,282,350,320,338,,
92,,,,,402,408,Ground Lights,
92,,,,,412,419,Ground Lights,
92,644,660,625,660,612,651,Ground Lights,
92,,,687,716,,,Ground Lights,
92,,,721,731,,,Ground Lights,
92,794,818,,,,,Ground Lights,
92,838,1072,823,861,812,1225,,
92,828,835,,,,,Ground Lights,
92,,,869,887,,,,
92,,,902,938,,,,
92,1106,1295,1001,1230,,,,
92,1238,1245,,,,,Ground Lights,
92,1254,1266,1266,1304,1267,1287,Ground Lights,
92,1276,1295,,,,,Ground Lights,
92,1304,1311,,,,,Ground Lights,
92,,,,,1312,1318,Ground Lights,
92,,,1321,1329,1325,1333,Ground Lights,
92,,,1339,1359,1337,1347,Ground Lights,
92,,,,,1364,1370,Ground Lights,
,,,,,,,,
94,,,8,15,1,53,Ground Lights,
94,,,25,33,,,Ground Lights,
94,,,78,84,75,81,Ground Lights,
94,86,92,,,83,108,Ground Lights,
94,100,106,,,,,Ground Lights,
94,194,388,195,390,254,420,,
94,448,456,,,,,,
94,512,536,,,,,,
94,759,811,744,783,738,760,,
94,824,966,812,957,804,911,,
94,,,,,930,937,,
94,,,,,948,955,,
,,,,,,,,
96,27,49,32,63,,,Ground Lights,
96,29,42,33,41,38,47,,
96,59,85,65,77,65,72,Ground Lights,
96,,,79,85,74,80,Ground Lights,
96,100,108,112,119,85,117,Ground Lights,
96,125,131,,,,,Ground Lights,
96,158,164,,,,,Ground Lights,
96,160,179,185,193,178,191,,
96,226,233,,,,,Ground Lights,
96,239,245,,,,,Ground Lights,
96,265,271,258,265,,,Ground Lights,
96,265,275,,,,,,
96,,,279,286,,,Ground Lights,
96,302,345,284,315,,,,
96,311,351,309,364,,,Ground Lights ,
96,357,395,355,389,352,385,,
96,398,404,388,404,,,Ground Lights,
96,412,558,407,440,407,435,,
96,,,444,556,451,583,,
96,558,565,,,,,Ground Lights,
96,569,604,565,616,,,,
96,,,,,596,604,Ground Lights,
96,,,,,619,626,Ground Lights,
96,,,,,628,635,Ground Lights,
96,625,647,630,640,,,,
96,,,683,690,,,Ground Lights,
96,761,789,,,,,,
96,798,829,798,814,,,,
96,831,851,820,853,821,829,,
96,868,895,879,916,,,,
96,900,1013,939,947,,,,
96,,,911,919,,,Ground Lights,
96,,,930,936,,,Ground Lights,
96,1016,1068,956,1152,951,957,,
96,1122,1132,,,977,1143,,
,,,,,,,,
98,149,162,,,,,,
98,251,288,231,273,239,247,,
98,,,277,299,250,311,,
98,,,354,385,345,374,,
98,418,485,394,435,391,429,,
98,519,547,454,526,432,476,,
98,736,753,709,781,689,723,,
98,761,799,,,737,742,,
98,802,818,,,746,753,,
98,,,878,885,,,,
98,886,925,,,,,,
,,,,,,,,
100,0,245,0,149,0,29,,
100,,,,,30,36,Ground Lights,
100,,,,,49,153,,
100,,,177,263,169,260,,
100,,,276,289,,,,
100,716,727,717,740,703,723,,
100,734,742,,,,,,
100,,,,,749,757,,
100,,,,,763,777,,
100,,,,,780,793,,
100,848,859,804,1214,806,1159,,
100,925,936,,,,,,
100,948,956,,,,,,
100,983,1100,,,,,,
100,1141,1233,,,,,,
,,,,,,,,
102,,,0,13,,,Ground Lights,
102,,,23,31,19,26,Ground Lights,
102,82,88,,,87,96,Ground Lights,
102,,,109,115,,,Ground Lights,
102,,,,,134,140,Ground Lights,
102,149,155,,,,,Ground Lights,
102,160,285,166,189,163,175,Ground Lights,
102,,,192,229,,,Ground Lights,
102,,,231,243,,,Ground Lights,
102,,,262,268,,,Ground Lights,
102,,,272,277,,,Ground Lights,
102,324,330,319,336,320,328,Ground Lights,
102,342,350,344,364,350,361,Ground Lights,
102,376,382,,,,,Ground Lights,
102,384,390,,,,,Ground Lights,
102,397,403,393,425,394,400,Ground Lights,
102,,,,,468,475,Ground Lights,
102,,,518,531,,,,
102,,,,,551,562,,
102,,,,,568,581,,
102,579,631,575,604,,,,
102,,,606,629,,,,
102,,,633,645,,,,
102,,,655,661,,,,
102,,,,,678,692,,
102,704,853,705,712,698,726,,
102,,,714,872,730,764,,
102,,,,,776,786,,
102,,,,,910,924,Ground Lights,
102,979,1088,934,1076,911,1051,,
102,1105,1133,,,,,,
102,,,1191,1246,1176,1207,,
102,1298,1404,1292,1404,1254,1404,,
,,,,,,,,
104,,,,,0,0,Ground Lights,
104,5,17,15,21,,,Ground Lights,
104,35,42,,,,,Ground Lights,
104,,,,,54,65,Ground Lights,
104,,,72,79,73,81,Ground Lights,
104,,,85,95,91,118,Ground Lights,
104,,,97,107,,,Ground Lights,
104,,,109,116,,,Ground Lights,
104,111,128,121,140,133,141,,
104,149,155,149,159,,,,
104,187,256,183,243,189,218,,
104,197,205,198,204,,,Ground Lights,
104,306,313,309,316,,,Ground Lights,
104,318,329,326,333,,,Ground Lights,
104,338,346,338,347,,,Ground Lights,
104,,,353,359,,,Ground Lights,
104,,,,,370,386,Ground Lights,
104,,,404,410,,,Ground Lights,
104,,,,,431,437,Ground Lights,
104,,,,,439,445,Ground Lights,
104,,,,,448,455,Ground Lights,
104,,,,,459,465,Ground Lights,
104,518,545,501,553,503,520,,
104,,,,,523,545,,
104,,,,,551,575,,
104,612,870,605,627,604,622,,
104,,,635,667,640,666,,
104,,,675,688,683,776,,
104,,,700,707,,,,
104,,,711,794,,,,
104,,,806,816,,,,
104,,,832,851,,,,
104,,,854,871,,,,
104,908,916,904,931,893,923,,
104,972,1002,976,999,,,,
104,1010,1032,1036,1052,,,,
104,,,1155,1161,,,,
104,,,1191,1214,,,,
,,,,,,,,
106,14,20,,,,,Ground Lights,
106,31,52,,,,,Ground Lights,
106,94,100,,,,,Ground Lights,
106,,,,,123,129,Ground Lights,
106,183,195,184,190,176,183,Ground Lights,
106,,,,,197,221,Ground Lights,
106,,,298,361,289,343,Ground Lights,
106,,,575,582,579,585,Ground Lights,
106,629,652,626,654,641,655,Ground Lights,
106,678,684,674,699,704,712,,
106,710,765,,,,,,
106,714,720,,,,,Ground Lights,
106,888,910,910,916,882,901,,
106,937,1044,956,1030,927,1034,,
106,,,1052,1058,,,,
106,1089,1102,1092,1119,1093,1126,,
,,,,,,,,
108,130,152,,,,,,
108,246,342,246,326,248,332,,
108,546,573,,,,,,
108,610,676,595,676,580,658,Ground Lights,
108,687,826,664,751,658,763,,
108,,,782,793,,,,
108,798,809,,,,,Ground Lights,
108,,,,,840,848,,
108,857,877,852,861,851,858,,
108,,,879,891,882,889,,
108,915,921,,,,,,
108,,,923,930,,,,
108,938,949,,,,,,
108,996,1244,985,1034,1002,1039,,
108,,,1051,1201,1059,1208,,
108,1305,1394,1307,1394,,,,
,,,,,,,,
110,0,6,0,163,0,221,Ground Lights,
110,8,35,,,,,Ground Lights,
110,51,82,,,,,Ground Lights,
110,86,161,,,,,Ground Lights,
110,167,217,,,,,Ground Lights,
110,,,,,59,73,,
110,,,87,98,,,,
110,112,123,108,119,109,117,,
110,,,122,133,120,128,,
110,152,174,173,182,,,,
110,,,335,353,335,348,,
110,393,402,386,394,,,,
110,405,430,398,404,,,,
110,,,,,634,642,,
110,,,,,653,659,,
110,,,,,688,695,Ground Lights,
110,755,864,752,867,739,860,,
110,,,890,895,,,Ground Lights,
110,904,927,921,932,921,927,Ground Lights,
110,,,,,929,935,Ground Lights,
110,,,,,938,944,,
110,907,998,891,970,,,,
110,,,965,979,,,Ground Lights,
110,,,964,979,966,972,Ground Lights,
110,,,990,996,,,Ground Lights,
110,,,,,1011,1018,Ground Lights,
110,,,,,1043,1050,Ground Lights,
110,,,1061,1067,,,Ground Lights,
110,1081,1087,1090,1098,1071,1090,Ground Lights,
110,1090,1099,,,1098,1105,Ground Lights,
110,,,,,1113,1119,Ground Lights,
110,1006,1057,1010,1060,1022,1102,,
110,,,1067,1079,,,,
110,1269,1315,1267,1310,1283,1355,,
110,,,1369,1380,1369,1382,,
,,,,,,,,
,,,,,,,112 File Missing,
,,,,,,,,
,,,,,,,114 File Missing,
,,,,,,,,
116,,,0,16,0,0,Ground Lights,
116,,,,,8,16,Ground Lights,
116,,,17,24,,,Ground Lights,
116,,,29,35,,,Ground Lights,
116,,,,,49,55,Ground Lights,
116,39,67,38,65,,,,
116,,,,,145,181,Ground Lights,
116,190,198,185,197,,,Ground Lights,
116,249,288,249,286,268,276,,
116,,,317,328,317,328,,
116,,,,,567,578,,
116,654,867,609,897,602,889,,
116,,,,,892,898,,
116,903,910,,,,,,
116,926,938,936,943,,,,
116,947,992,946,959,945,968,,
116,,,1006,1013,,,,
116,1021,1030,1021,1043,1026,1054,,
116,1034,1041,,,,,,
116,,,,,1106,1113,,
116,,,1257,1276,1256,1266,,
116,,,1278,1287,,,,
,,,,,,,,
118,20,30,,,,,Ground Lights,
118,35,48,39,84,,,Ground Lights,
118,60,66,,,64,69,Ground Lights,
118,74,89,,,74,86,Ground Lights,
118,,,,,89,97,Ground Lights,
118,126,131,126,133,,,Ground Lights,
118,,,240,247,,,,
118,274,517,264,524,256,528,,
118,,,,,295,319,Ground Lights,
118,402,408,396,411,,,Ground Lights,
118,430,437,,,,,Ground Lights,
118,442,446,,,,,Ground Lights,
118,,,497,505,492,520,,
118,,,508,520,,,,
118,,,,,556,564,,
118,,,620,633,,,,
118,,,644,652,,,,
118,,,,,668,676,,
118,684,691,683,691,,,,
118,,,,,717,727,,
118,784,813,,,,,,
118,822,838,,,,,,
118,,,833,839,,,Ground Lights,
118,,,904,913,,,,
118,944,960,,,,,,
118,,,966,973,,,,
118,,,981,988,,,,
118,,,1018,1028,,,,
118,1101,1108,1095,1101,,,,
118,1121,1130,,,,,,
118,,,1129,1135,,,Ground Lights,
118,,,1174,1180,1172,1178,Ground Lights,
118,1233,1240,,,,,Ground Lights,
118,1252,1259,,,,,Ground Lights,
118,1335,1341,,,,,Ground Lights,
,,,,,,,,
120,,,21,51,,,,
120,127,134,99,200,114,134,Ground Lights,
120,136,147,,,,,Ground Lights,
120,,,,,150,156,Ground Lights,
120,,,,,172,191,Ground Lights,
120,194,200,,,194,201,Ground Lights,
120,210,218,207,281,204,364,Ground Lights,
120,224,230,,,,,Ground Lights,
120,243,253,,,,,Ground Lights,
120,256,262,,,,,Ground Lights,
120,268,274,,,,,Ground Lights,
120,283,289,,,,,Ground Lights,
120,,,289,318,,,Ground Lights,
120,,,322,336,,,Ground Lights,
120,340,349,341,348,,,Ground Lights,
120,,,356,362,,,Ground Lights,
120,,,375,388,368,444,Ground Lights,
120,,,393,414,,,Ground Lights,
120,,,420,431,,,Ground Lights,
120,615,667,614,642,651,770,,
120,,,661,684,,,,
120,688,699,688,752,,,,
120,738,768,,,,,,
120,780,792,790,851,793,801,,
120,797,860,,,820,840,,
120,921,961,921,953,,,,
120,,,,,1042,1050,,
,,,,,,,,
122,,,38,43,38,45,Ground Lights,
122,,,52,58,,,Ground Lights,
122,72,78,,,,,Ground Lights,
122,102,109,,,,,Ground Lights,
122,131,139,,,,,Ground Lights,
122,150,158,,,,,,
122,153,158,,,,,Ground Lights,
122,177,184,,,,,Ground Lights,
122,190,202,202,209,194,200,Ground Lights,
122,204,268,,,203,209,Ground Lights,
122,,,,,219,232,Ground Lights,
122,,,,,235,241,Ground Lights,
122,335,347,,,,,Ground Lights,
122,518,538,518,530,511,528,,
122,571,636,562,633,560,602,Ground Lights,
122,640,652,598,662,598,656,,
122,684,774,685,817,729,816,,
122,827,892,845,891,843,879,,
122,900,934,909,935,,,,
122,944,952,950,961,,,Ground Lights,
122,960,966,,,,,Ground Lights,
122,993,1001,992,1001,,,,
122,,,1065,1071,,,Ground Lights,
,,,,,,,,
124,533,540,532,571,514,556,,
124,544,587,576,588,,,,
124,666,819,663,879,669,684,,
124,,,,,693,809,,
124,848,871,,,829,858,,
124,,,,,869,885,,
,,,,,,,,
126,,,4,32,2,9,Ground Lights,
126,,,,,23,40,Ground Lights,
126,,,,,78,84,Ground Lights,
126,92,105,109,125,87,94,Ground Lights,
126,121,139,,,,,Ground Lights,
126,141,148,141,146,,,Ground Lights,
126,153,164,161,167,,,Ground Lights,
126,167,190,186,251,208,233,Ground Lights,
126,197,267,,,,,Ground Lights,
126,271,278,272,283,272,279,Ground Lights,
126,,,236,258,229,245,,
126,368,383,,,,,,
126,390,396,,,,,Ground Lights,
126,,,,,415,424,,
126,451,471,453,488,435,460,,
126,481,500,,,,,,
126,,,,,531,537,,
126,636,660,624,641,618,652,,
126,648,654,645,651,,,Ground Lights,
126,,,,,665,679,Ground Lights,
126,698,707,693,700,705,711,Ground Lights,
126,695,762,705,754,711,751,,
126,853,859,850,870,811,873,,
126,,,,,882,911,,
126,,,,,920,940,,
126,942,953,942,961,,,,
126,972,999,,,,,,
126,,,1007,1015,,,Ground Lights,
126,1069,1076,,,,,Ground Lights,
,,,,,,,,
128,0,16,1,13,5,12,,
128,602,619,601,607,617,712,,
128,,,618,624,,,,
128,642,726,629,715,,,,
,,,,,,,,
,,,,,,,130 File Missing,
,,,,,,,,
132,,,,,22,28,Ground Lights,
132,,,52,58,,,Ground Lights,
132,,,,,81,88,Ground Lights,
132,124,130,,,,,Ground Lights,
132,143,149,,,,,Ground Lights,
132,,,,,154,168,Ground Lights,
132,177,184,181,189,170,332,Ground Lights,
132,203,209,192,206,,,Ground Lights,
132,214,228,208,321,,,Ground Lights,
132,240,310,,,,,Ground Lights,
132,316,322,,,,,Ground Lights,
132,,,,,335,342,Ground Lights,
132,744,773,746,753,723,797,,
132,778,796,777,805,,,,
132,829,842,,,,,,
132,906,926,,,,,,
132,941,1049,966,1210,960,1190,,
132,1073,1206,,,,,,
132,1219,1227,1213,1223,,,,
132,,,1228,1250,,,,
,,,,,,,,
134,,,,,41,60,Ground Lights,
134,,,65,72,65,81,Ground Lights,
134,,,,,83,97,Ground Lights,
134,149,195,151,264,160,199,,
134,201,281,,,,,,
134,,,272,278,273,280,Ground Lights,
134,,,286,299,,,Ground Lights,
134,,,,,321,332,Ground Lights,
134,352,359,,,,,Ground Lights,
134,,,427,433,,,Ground Lights,
134,,,443,449,446,453,Ground Lights,
134,,,451,458,,,Ground Lights,
134,,,,,459,466,Ground Lights,
134,,,,,477,491,,
134,,,515,521,,,Ground Lights,
134,,,,,566,580,,
134,,,,,588,641,,
134,,,,,657,673,,
134,,,,,684,701,,
134,709,781,704,745,749,771,,
134,,,752,771,,,,
134,,,775,795,780,788,,
134,826,891,798,914,793,846,,
134,905,914,916,989,899,924,,
134,923,953,,,934,977,,
134,962,1032,1003,1036,990,999,,
134,1036,1058,,,,,,
134,1216,1225,,,,,Ground Lights,
134,,,1231,1238,,,Ground Lights,
134,1247,1254,,,,,Ground Lights,
134,1311,1320,,,1314,1321,Ground Lights,
134,,,1337,1344,,,Ground Lights,
134,,,1353,1359,,,Ground Lights,
135,,,,,77,85,Ground Lights,
135,97,105,127,135,100,165,Ground Lights,
135,,,152,159,,,Ground Lights,
135,,,161,168,,,Ground Lights,
135,,,188,207,,,Ground Lights,
135,77,90,81,91,,,,
135,116,,114,131,,,,
135,,,134,185,,,,
135,,,187,205,,,Ground Lights,
135,,,,,172,188,Ground Lights,
135,,,,,190,257,Ground Lights,
135,270,277,258,272,269,289,Ground Lights,
135,,,282,310,,,Ground Lights,
135,,,,,326,336,Ground Lights,
135,398,405,,,,,Ground Lights,
135,543,559,,,,,Ground Lights,
135,,,,,648,657,Ground Lights,
135,,,,,677,684,Ground Lights,
135,,,,,697,705,,
135,,,715,743,709,718,,
135,723,737,,,,,,
135,741,871,755,851,738,787,,
135,,,,,796,854,,
135,994,1102,949,1004,950,960,,
135,,,1077,1102,,,,
136,,,154,168,154,203,,
136,,,251,258,,,Ground Lights,
136,,,381,387,354,414,Ground Lights,
136,,,389,409,,,Ground Lights,
136,,,415,422,,,Ground Lights,
136,,,430,453,431,462,Ground Lights,
136,463,470,469,470,,,Ground Lights,
136,,,529,537,,,Ground Lights,
136,,,551,557,,,Ground Lights,
136,,,634,640,641,648,Ground Lights,
136,,,688,708,691,,Ground Lights,
136,707,713,,,,,Ground Lights,
136,718,724,,,,,Ground Lights,
136,771,790,,,,,,
136,,,798,813,,,,
136,836,841,830,862,840,898,,
136,843,854,,,,,,
136,869,878,,,,,,
136,881,901,889,896,,,,
136,906,914,,,,,,
136,,,928,949,,,,
136,991,1025,980,993,970,1041,,
136,,,1027,1034,,,,
136,1038,1102,1063,1151,1047,1065,,
136,,,,,1073,1083,,
136,,,,,1089,1106,,
136,1112,1124,1153,1163,1117,1177,,
136,1170,1179,,,,,,
,,,,,,,,
138,170,247,171,190,184,216,,
138,,,203,211,,,,
138,,,219,257,233,262,,
138,275,347,277,342,292,315,,
138,,,,,320,332,,
138,,,,,497,506,Ground Lights,
138,,,,,508,519,Ground Lights,
138,,,525,534,,,Ground Lights,
138,540,546,,,,,Ground Lights,
138,575,582,564,592,559,574,Ground Lights,
138,,,594,647,580,586,Ground Lights,
138,,,669,727,668,681,Ground Lights,
138,,,,,685,692,Ground Lights,
138,,,,,700,707,Ground Lights,
138,,,,,718,724,Ground Lights,
138,696,716,694,722,,,,
138,749,816,760,820,760,823,,
138,830,851,830,862,828,844,,
138,,,,,864,873,,
138,877,887,880,954,,,,
138,,,,,884,890,Ground Lights,
138,895,900,,,891,897,,
138,926,993,961,1009,938,1005,,
138,1020,1104,1020,1040,1011,1038,,
138,,,,,1042,1068,,
138,,,1085,1099,1099,1133,,
138,1135,1174,1104,1149,,,,
138,,,,,1174,1181,Ground Lights,
138,,,,,1187,1195,Ground Lights,
138,,,,,1219,1226,Ground Lights,
138,,,1237,1255,1232,1261,Ground Lights,
138,,,1280,1286,1274,1281,Ground Lights,
138,,,,,1293,1301,Ground Lights,
,,,,,,,,
,,,,,,,,
,,,,,,,,
,,,,,,,,
,,,,,,,,
,,,,,,,,
,,,,,,,,
,,,,,,,,
,,,,,,,,
,,,,,,,,
,,,,,,,,
,,,,,,,,
,,,,,,,,
,,,,,,,,
,,,,,,,,
,,,,,,,,
,,,,,,,,
,,,,,,,,
,,,,,,,,
,,,,,,,,
,,,,,,,,
,,,,,,,,
,,,,,,,,
,,,,,,,,
,,,,,,,,
,,,,,,,,
,,,,,,,,
,,,,,,,,
,,,,,,,,
,,,,,,,,
,,,,,,,,
,,,,,,,,
,,,,,,,,
,,,,,,,,
,,,,,,,,
,,,,,,,,
,,,,,,,,
,,,,,,,,
,,,,,,,,
,,,,,,,,
,,,,,,,,
180,3,50,6,17,5,21,Ground Lights,
180,,,27,35,,,Ground Lights,
180,,,134,142,,,Ground Lights,
180,,,139,149,139,148,,
180,169,183,166,181,,,Ground Lights,
180,240,249,241,248,,,,
180,266,293,260,335,268,328,,
180,,,343,352,339,352,,
180,,,355,367,358,366,,
180,403,440,390,407,,,,
180,458,510,462,510,476,502,,
180,511,588,524,554,564,580,,
180,,,558,590,,,,
180,597,726,601,729,601,625,,
180,,,,,635,654,,
180,930,938,928,936,,,Ground Lights,
180,,,938,953,,,Ground Lights,
180,,,963,972,,,Ground Lights,
180,986,995,,,,,Ground Lights,
180,1089,1098,,,,,Ground Lights,
180,,,,,1132,1140,Ground Lights,
180,,,,,1309,1321,Grainy image,
225,,,10,32,,,Ground Lights,
225,,,54,86,65,83,,
225,113,132,120,136,94,115,,
225,,,,,129,136,Ground Lights,
225,,,141,168,141,194,,
225,,,184,192,,,,
225,,,206,215,,,,
225,233,305,231,321,222,349,,
225,321,336,327,346,,,,
225,341,368,363,402,369,401,,
225,379,403,,,,,,
225,,,405,414,403,413,,
225,422,433,419,448,440,449,,
225,468,499,461,502,493,513,,
225,530,539,,,,,,
225,560,571,574,648,563,633,,
225,593,632,,,,,,
225,620,927,612,620,612,622,Ground Lights,
225,640,658,650,661,624,653,Ground Lights,
225,687,700,696,718,680,688,Ground Lights,
225,705,713,720,737,,,Ground Lights,
225,734,765,749,756,,,Ground Lights,
225,751,774,748,760,,,,
225,,,760,774,,,,
225,774,782,,,,,Ground Lights,
225,,,,,863,872,Ground Lights,
225,,,874,881,,,Ground Lights,
225,,,889,896,,,Ground Lights,
225,1053,1285,1005,1285,1031,1285,,
